-- phpMyAdmin SQL Dump
-- version 4.8.4
-- https://www.phpmyadmin.net/
--
-- Hôte : 127.0.0.1:3306
-- Généré le :  sam. 11 mai 2019 à 15:34
-- Version du serveur :  5.7.24
-- Version de PHP :  7.2.14

SET SQL_MODE = "NO_AUTO_VALUE_ON_ZERO";
SET AUTOCOMMIT = 0;
START TRANSACTION;
SET time_zone = "+00:00";


/*!40101 SET @OLD_CHARACTER_SET_CLIENT=@@CHARACTER_SET_CLIENT */;
/*!40101 SET @OLD_CHARACTER_SET_RESULTS=@@CHARACTER_SET_RESULTS */;
/*!40101 SET @OLD_COLLATION_CONNECTION=@@COLLATION_CONNECTION */;
/*!40101 SET NAMES utf8mb4 */;

--
-- Base de données :  `mymovies`
--

--
-- Déchargement des données de la table `actor`
--

INSERT INTO `actor` (`ID_Actor`, `Name_Actor`, `Age_Actor`, `Nationality_Actor`, `Characters_Actor`) VALUES
(1, 'Rosa Salazar', 1985, 'United States of America', 'Alita'),
(2, 'Christoph Waltz', 1956, 'Germany', 'Dr Dyson'),
(3, 'Jennifer Connelly', 1970, 'United States of America', 'Chiren,\r\nBetty Ross'),
(4, 'Mahershala Ali', 1974, 'United States of America', 'Vector'),
(5, 'Keean Johnson', 1996, 'United States of America', 'Hugo'),
(6, 'Ed Skrein', 1983, 'United Kingdom', 'Zapan'),
(7, 'Jackie Earle Haley', 1961, 'United States of America', 'Grewishka'),
(8, 'Sam Worthington', 1976, 'Australia', 'Jake Sully,\r\nTom Sully'),
(9, 'Zoe Saldana', 1978, 'United States of America', 'Neytiri'),
(10, 'Sigourney Weaver', 1949, 'United States of America', 'Dr Grace Augustine'),
(11, 'Stephen Lang', 1952, 'United States of America', 'Colonel Miles Quaritch'),
(12, 'Michelle Rodríguez', 1978, 'United States of America', 'Gelda,\r\nTrudy Chacon'),
(13, 'Giovanni Ribisi', 1974, 'United States of America', 'Parker Selfridge'),
(14, 'Leonardo DiCaprio', 1974, 'United States of America', 'Jack Dawson'),
(15, 'Kate Winslet', 1975, 'United Kingdom', 'Rose DeWitt-Bukater'),
(16, 'Bernard Hill', 1944, 'United Kingdom', 'Captain Edward John Smith'),
(17, 'Margot Robbie', 1990, 'Australia', 'Charlotte'),
(18, 'Frances Fisher', 1952, 'United Kingdom', 'Ruth DeWitt Bukater'),
(19, 'Samuel Leroy Jackson', 1948, 'United States of America', '(Narrator)'),
(20, 'Arnold Schwarzenegger', 1947, 'Austria', 'The Terminator T-800 \"Model 101\"'),
(21, 'Michael Biehn', 1956, 'United States of America', 'Kyle Reese,\r\nthe basketball player Mike'),
(22, 'Linda Hamilton', 1956, 'United States of America', 'Sarah Connor'),
(23, 'Earl Boen', 1945, 'United States of America', 'Dr Peter Silberman'),
(24, 'Bill Paxton', 1955, 'United States of America', 'Brock Lovett,\r\nPunk Leader'),
(25, 'Eric Bana', 1968, 'Australia', 'Bruce Banner,\r\nAvner Krauftmann'),
(26, 'Sam Elliott', 1944, 'United States of America', 'General Thaddeus Ross'),
(27, 'Nick Nolte', 1941, 'United States of America', 'Dr David Banner'),
(28, 'Josh Lucas', 1971, 'United States of America', 'Glenn Talbot'),
(29, 'John Travolta', 1954, 'United States of America', 'Daniel \"Danny\" Zuko'),
(30, 'Olivia Newton-John', 1948, 'United Kingdom', 'Sandy Olsson'),
(31, 'Stockard Channing', 1944, 'United States of America', 'Betty Rizzo'),
(32, 'Jeff Conaway', 1950, 'United States of America', 'Kenickie,\r\nWillie'),
(33, 'Helen Reddy', 1941, 'Australia', 'Nora'),
(34, 'Jim Dale', 1935, 'United Kingdom', 'Dr Terminus'),
(35, 'Mickey Rooney', 1920, 'United States of America', 'Lampie'),
(36, 'Red Buttons', 1919, 'United States of America', 'Hoagy'),
(37, 'Shelley Winters', 1920, 'United States of America', 'Lena Gogan'),
(38, 'Jane Kean', 1923, 'United States of America', 'Miss Taylor'),
(39, 'Jim Backus', 1913, 'United States of America', 'Mayor of Passamaquoddy'),
(40, 'Sean Marshall', 1965, 'United States of America', 'Pete'),
(41, 'Charlie Callas', 1924, 'United States of America', 'Elliott the Dragon (voice)'),
(42, 'Frankie Avalon', 1940, 'United States of America', 'Teen Angel'),
(43, 'Joan Blondell', 1906, 'United States of America', 'Vi'),
(44, 'Edd Byrnes', 1933, 'United States of America', 'Vince Fontaine'),
(45, 'Dody Goodman', 1914, 'United States of America', 'Blanche'),
(46, 'Alan Cumming', 1965, 'United Kingdom', 'Mr Fegan Floop'),
(47, 'Teri Hatcher', 1964, 'United States of America', 'Ms Gradenko'),
(48, 'Cheech Marin', 1946, 'United States of America', 'Felix Gumm'),
(49, 'Danny Trejo', 1944, 'United States of America', 'Isador \"Machete\" Cortez'),
(50, 'Robert Patrick', 1958, 'United States of America', 'Mr Lisp'),
(51, 'Anthony Marcus Shalhoub', 1953, 'United States of America', 'Mr Alexander \"Alex\" Minion'),
(52, 'Michael Craig Judge', 1962, 'Ecuador', 'Donnagon Giggles'),
(53, 'Antonio Banderas', 1960, 'Spain', 'Gregorio Cortez'),
(54, 'Carla Gugino', 1971, 'United States of America', 'Ingrid Cortez'),
(55, 'Alexa PenaVega', 1988, 'United States of America', 'Carmen Cortez'),
(56, 'Daryl Sabara', 1992, 'United States of America', 'Juni Cortez'),
(57, 'Daniel Craig', 1968, 'United Kingdom', 'Steve,\r\nJames Bond'),
(58, 'Ciarán Hinds', 1953, 'Northern Ireland', 'Carl'),
(59, 'Mathieu Kassovitz', 1967, 'France', 'The producer Robert'),
(60, 'Hanns Zischler', 1947, 'Germany', 'Hans'),
(61, 'Ayelet Zurer', 1969, 'Israel', 'Daphna'),
(62, 'Goeffrey Rush', 1957, 'Australia', 'Mossad case officer Ephraim'),
(63, 'Fionn Whitehead', 1997, 'United Kingdom', 'Tommy'),
(64, 'Tom Glynn Carney', 1995, 'United Kingdom', 'Peter Dawson'),
(65, 'Jack Lowden', 1990, 'United Kingdom', 'Collins'),
(66, 'Harry Edward Styles', 1994, 'United Kingdom', 'Alex'),
(67, 'Aneurin Barnard', 1987, 'United Kingdom', 'Gibson'),
(68, 'James D\'Arcy', 1975, 'United Kingdom', 'Colonel Winnant,\r\nEdwin Jarvis'),
(69, 'Tom Hardy', 1977, 'United Kingdom', 'Farrier'),
(70, 'Barry Keoghan', 1992, 'United Kingdom', 'George Mills'),
(71, 'Kenneth Branagh', 1960, 'United Kingdom', 'Commander Bolton'),
(72, 'Cillian Murphy', 1976, 'United Kingdom', 'Shivering Soldier'),
(73, 'Mark Rylance', 1960, 'United Kingdom', 'Mr Dawson'),
(74, 'Tom Hollander', 1967, 'United Kingdom', 'Harry'),
(75, 'Bill Nighy', 1949, 'United Kingdom', 'James Lake'),
(76, 'Rachel McAdams', 1978, 'Canada', 'Mary'),
(77, 'Domhnall Gleeson', 1983, 'United Kingdom', 'Tim Lake'),
(78, 'Eva Green', 1980, 'France', 'Vesper Lynd'),
(79, 'Mads Mikkelsen', 1965, 'Denmark', 'Le Chiffre'),
(80, 'Giancarlo Giannini', 1942, 'Italy', 'René Mathis'),
(81, 'Jeffrey Wright', 1965, 'United States of America', 'Felix Leiter'),
(82, 'Judi Dench', 1934, 'United Kingdom', 'M'),
(83, 'Alain Chabat', 1958, 'France', 'Jules César'),
(84, 'Christian Clavier', 1952, 'France', 'Astérix'),
(85, 'Gérard Depardieu', 1948, 'France', 'Obélix'),
(86, 'Jamel Debbouze', 1975, 'Morocco', 'Numérobis'),
(87, 'Monica Bellucci', 1964, 'Italy', 'Cléopâtre'),
(88, 'Gerard Butler', 1969, 'United Kingdom', 'King Leonidas'),
(89, 'Lena Headey', 1973, 'United Kingdom', 'Gorgo Queen of Sparta'),
(90, 'David Wenham', 1965, 'Australia', 'Dilios'),
(91, 'Dominic West', 1969, 'United Kingdom', 'Theron'),
(92, 'Dustin Hoffman', 1937, 'United States of America', 'Mr Edward Magorium'),
(93, 'Natalie Portman', 1981, 'Israel', 'Molly Mahoney'),
(94, 'Jason Bateman', 1969, 'United States of America', 'Henry Weston'),
(95, 'Zachary Mills', 1995, 'United States of America', 'Eric Applebaum'),
(96, 'Amy Adams', 1974, 'United States of America', 'Giselle'),
(97, 'Patrick Dempsey', 1966, 'United States of America', 'Robert Philip'),
(98, 'James Marsden', 1973, 'United States of America', 'Prince Edward'),
(99, 'Timothy Spall', 1957, 'United Kingdom', 'Nathaniel'),
(100, 'Idina Menzel', 1971, 'United States of America', 'Nancy Tremaine'),
(101, 'Susan Sarandon', 1946, 'United States of America', 'Queen Narissa'),
(102, 'Sergi López', 1965, 'Spain', 'Captain Vidal'),
(103, 'Maribel Verdú', 1970, 'Spain', 'Mercedes'),
(104, 'Ivana Baquero', 1994, 'Spain', 'Princess Moanna,\r\nOfelia'),
(105, 'Doug Jones', 1960, 'United States of America', 'The Faun,\r\nThe Pale Man'),
(106, 'Ariadna Gil', 1969, 'Spain', 'Carmen'),
(107, 'Kristoffer Joner', 1972, 'Norway', 'Kristian Eikjord'),
(108, 'Ane Dahl Torp', 1975, 'Norway', 'Idun'),
(109, 'Fridtjov Saheim', 1968, 'Norway', 'Arvid Ovrebo'),
(110, 'Thomas Bo Larsen', 1963, 'Denmark', 'Phillip'),
(111, 'Jack Nicholson', 1937, 'United States of America', 'J J \"Jake\" Gittes'),
(112, 'Faye Dunaway', 1941, 'United States of America', 'Evelyn Cross Mulwray'),
(113, 'John Hillerman', 1932, 'United States of America', 'Russ Yelburton'),
(114, 'Burt Young', 1940, 'United States of America', 'Curly'),
(115, 'Zac Efron', 1987, 'United States of America', 'Troy Bolton'),
(116, 'Emilia Clarke', 1986, 'United Kingdom', 'Louisa Clark'),
(117, 'Sam Claflin', 1986, 'United Kingdom', 'Will Traynor'),
(118, 'Jean Dujardin', 1972, 'France', 'Lucky Luke'),
(119, 'Ilene Woods', 1929, 'United States of America', 'Cinderella'),
(120, 'ehjrf', 2000, 'oieruj', 'azkoeiju');

--
-- Déchargement des données de la table `belong`
--

INSERT INTO `belong` (`ID_Genre`, `ID_Movie`) VALUES
(1, 1),
(2, 2),
(1, 3),
(3, 4),
(1, 5),
(5, 6),
(6, 7),
(7, 8),
(8, 9),
(9, 10),
(10, 11),
(4, 12),
(11, 13),
(12, 14),
(13, 15),
(14, 16),
(14, 17),
(15, 18),
(16, 19),
(17, 20),
(7, 21),
(4, 22),
(18, 23),
(8, 24),
(5, 25);

--
-- Déchargement des données de la table `genre`
--

INSERT INTO `genre` (`ID_Genre`, `Name_Genre`) VALUES
(1, 'Science fiction'),
(2, 'Documentary'),
(3, 'Drama'),
(4, 'Romance'),
(5, 'Adventure'),
(6, 'Action'),
(7, 'Musical'),
(8, 'Animated'),
(9, 'Thriller'),
(10, 'War'),
(11, 'Spy'),
(12, 'Comedy'),
(13, 'Sword and sandal'),
(14, 'Fantasy'),
(15, 'Horror'),
(16, 'Disaster'),
(17, 'Crime'),
(18, 'Western');

--
-- Déchargement des données de la table `movie`
--

INSERT INTO `movie` (`ID_Movie`, `Title_Movie`, `Year_Movie`, `Country_Movie`) VALUES
(1, 'Alita: Battle Angel', 2019, 'United States of America'),
(2, 'African cats', 2011, 'France'),
(3, 'Avatar', 2009, 'United Kingdom'),
(4, 'Titanic', 1997, 'United States of America'),
(5, 'The Terminator', 1984, 'United States of America'),
(6, 'Spy Kids', 2001, 'United States of America'),
(7, 'Hulk', 2003, 'United States of America'),
(8, 'Grease', 1978, 'United States of America'),
(9, 'Pete\'s Dragon', 1977, 'United States of America'),
(10, 'Munich', 2005, 'Canada'),
(11, 'Dunkirk', 2017, 'Netherlands'),
(12, 'About Time', 2013, 'United Kingdom'),
(13, 'Casino Royale', 2006, 'United Kingdom'),
(14, 'Astérix et Obélix : Mission Cléopâtre', 2002, 'France'),
(15, '300', 2006, 'United States of America'),
(16, 'Enchanted', 2007, 'United States of America'),
(17, 'Mr Magorium\'s Wonder Emporium', 2007, 'United States of America'),
(18, 'Pan\'s Labyrinth', 2006, 'Spain'),
(19, 'The Wave', 2015, 'Norway'),
(20, 'Chinatown', 1974, 'United States of America'),
(21, 'High School Musical', 2006, 'United States of America'),
(22, 'Me Before You', 2016, 'United Kingdom'),
(23, 'Lucky Luke', 2009, 'France'),
(24, 'Cinderella', 1950, 'United States of America'),
(25, 'koeiurhyf', 2000, 'France');

--
-- Déchargement des données de la table `play`
--

INSERT INTO `play` (`ID_Actor`, `ID_Movie`) VALUES
(1, 1),
(2, 1),
(3, 1),
(4, 1),
(5, 1),
(6, 1),
(7, 1),
(12, 1),
(19, 2),
(8, 3),
(9, 3),
(10, 3),
(11, 3),
(12, 3),
(13, 3),
(14, 4),
(15, 4),
(16, 4),
(18, 4),
(24, 4),
(20, 5),
(21, 5),
(22, 5),
(23, 5),
(24, 5),
(46, 6),
(47, 6),
(48, 6),
(49, 6),
(50, 6),
(51, 6),
(52, 6),
(53, 6),
(54, 6),
(55, 6),
(56, 6),
(3, 7),
(25, 7),
(26, 7),
(27, 7),
(28, 7),
(21, 8),
(29, 8),
(30, 8),
(31, 8),
(32, 8),
(42, 8),
(43, 8),
(44, 8),
(45, 8),
(32, 9),
(33, 9),
(34, 9),
(35, 9),
(36, 9),
(37, 9),
(38, 9),
(39, 9),
(40, 9),
(41, 9),
(25, 10),
(57, 10),
(58, 10),
(59, 10),
(60, 10),
(61, 10),
(62, 10),
(63, 11),
(64, 11),
(65, 11),
(66, 11),
(67, 11),
(68, 11),
(69, 11),
(70, 11),
(71, 11),
(72, 11),
(73, 11),
(17, 12),
(74, 12),
(75, 12),
(76, 12),
(77, 12),
(57, 13),
(78, 13),
(79, 13),
(80, 13),
(81, 13),
(82, 13),
(83, 14),
(84, 14),
(85, 14),
(86, 14),
(87, 14),
(88, 15),
(89, 15),
(90, 15),
(91, 15),
(96, 16),
(97, 16),
(98, 16),
(99, 16),
(100, 16),
(101, 16),
(92, 17),
(93, 17),
(94, 17),
(95, 17),
(102, 18),
(103, 18),
(104, 18),
(105, 18),
(106, 18),
(107, 19),
(108, 19),
(109, 19),
(110, 19),
(111, 20),
(112, 20),
(113, 20),
(114, 20),
(115, 21),
(116, 22),
(117, 22),
(118, 23),
(119, 24),
(120, 25);

--
-- Déchargement des données de la table `produce`
--

INSERT INTO `produce` (`ID_Producer`, `ID_Movie`) VALUES
(1, 1),
(2, 1),
(4, 1),
(5, 2),
(6, 2),
(2, 3),
(4, 3),
(2, 4),
(4, 4),
(2, 5),
(7, 5),
(1, 6),
(19, 6),
(3, 7),
(7, 7),
(8, 7),
(9, 7),
(22, 7),
(11, 8),
(12, 8),
(18, 8),
(13, 9),
(14, 9),
(15, 9),
(10, 10),
(20, 10),
(21, 10),
(23, 11),
(24, 11),
(16, 12),
(17, 12),
(25, 12),
(26, 13),
(27, 13),
(28, 13),
(29, 14),
(30, 15),
(31, 15),
(32, 15),
(33, 16),
(34, 16),
(35, 16),
(36, 17),
(37, 17),
(38, 18),
(39, 18),
(40, 18),
(41, 19),
(42, 20),
(43, 20),
(44, 21),
(45, 22),
(46, 23),
(47, 24),
(48, 25);

--
-- Déchargement des données de la table `producer`
--

INSERT INTO `producer` (`ID_Producer`, `Name_Producer`, `Age_Producer`, `Nationality_Producer`, `Company_Producer`) VALUES
(1, 'Robert Rodríguez', 1968, 'United States of America', 'Troublemaker Studios'),
(2, 'James Cameron', 1954, 'Canada', 'Lightstorm Entertainment'),
(3, 'Larry Franco', 1949, 'United States of America', ''),
(4, 'Jon Landau', 1960, 'United States of America', 'Twentieth Century Fox'),
(5, 'Alastair Fothergill', 1960, 'United Kingdom', 'Disneynature'),
(6, 'Keith Scholey', 1957, 'United Kingdom', 'Disneynature'),
(7, 'Gale Anne Hurd', 1955, 'United States of America', ''),
(8, 'Ang Lee', 1954, 'Taiwan', ''),
(9, 'James Schamus', 1959, 'United States of America', ''),
(10, 'Barry Mendel', 1963, 'United States of America', 'Barry Mendel Productions'),
(11, 'Allan Carr', 1937, 'United States of America', 'Stigwood'),
(12, 'Randal Kleiser', 1946, 'United States of America', ''),
(13, 'Don Chaffey', 1917, 'United Kingdom', 'Walt Disney Studios'),
(14, 'Jerome Courtland', 1926, 'United States of America', 'Walt Disney Studios'),
(15, 'Ronald William Miller', 1933, 'United States of America', 'Walt Disney Studios'),
(16, 'Richard Curtis', 1956, 'United Kingdom', 'Working Title Films'),
(17, 'Tim Bevan', 1957, 'United Kingdom', 'Working Title Films'),
(18, 'Robert Colin Stigwood', 1934, 'Australia', ''),
(19, 'Elizabeth Avellán', 1960, 'Venezuela', 'Troublemaker Studios'),
(20, 'Steven Spielberg', 1946, 'United States of America', 'Amblin Entertainment'),
(21, 'Kathleen Kennedy', 1953, 'United States of America', 'Amblin Entertainment'),
(22, 'Avi Arad', 1948, 'Israel', 'Marvel Enterprises'),
(23, 'Christopher Nolan', 1970, 'United Kingdom', 'Syncopy Films Inc'),
(24, 'Emma Thomas', 1971, 'United Kingdom', 'Syncopy Films Inc'),
(25, 'Eric Fellner', 1959, 'United Kingdom', 'Working Title Films'),
(26, 'Martin Campbell', 1943, 'New Zealand', ''),
(27, 'Michael Gregg Wilson', 1942, 'United Kingdom', 'Eon Productions'),
(28, 'Barbara Broccoli', 1960, 'United States of America', 'Eon Productions'),
(29, 'Alain Chabat', 1958, 'France', 'Canal+'),
(30, 'Zack Snyder', 1966, 'United States of America', 'Cruel and Unusual Films'),
(31, 'Gianni Nunnari', 1959, 'Italy', 'Hollywood Gang Productions'),
(32, 'Mark Canton', 1949, 'United States of America', 'Atmosphere Entertainment'),
(33, 'Kevin Lima', 1962, 'United States of America', 'Walt Disney Studios'),
(34, 'Barry Josephson', 1956, 'United States of America', '20th Century Fox'),
(35, 'Barry Sonnenfeld', 1953, 'United States of America', 'Walt Disney Studios'),
(36, 'Zach Helm', 1975, 'United States of America', ''),
(37, 'Richard N. Gladstein', 1961, 'United States of America', 'FilmColony'),
(38, 'Guillermo del Toro', 1964, 'Mexico', 'Tequila Gang'),
(39, 'Alfonso Cuarón', 1961, 'Mexico', 'Esperanto Filmoj'),
(40, 'Frida Torresblanco', 1970, 'Spain', 'Esperanto Filmoj'),
(41, 'Roar Uthaug', 1973, 'Norway', ''),
(42, 'Roman Polanski', 1933, 'Poland', 'Robert Evans Company'),
(43, 'Robert Towne', 1934, 'United States of America', ''),
(44, 'Kenny Ortega', 1950, 'United States of America', ''),
(45, 'Thea Sharrock', 1976, 'United Kingdom', ''),
(46, 'James Huth', 1947, 'France', ''),
(47, 'Clyde Geronimi', 1901, 'United States of America', 'Walt Disney Studios'),
(48, 'ozieuz', 2000, 'pleoi', 'pzeoiju');
COMMIT;

/*!40101 SET CHARACTER_SET_CLIENT=@OLD_CHARACTER_SET_CLIENT */;
/*!40101 SET CHARACTER_SET_RESULTS=@OLD_CHARACTER_SET_RESULTS */;
/*!40101 SET COLLATION_CONNECTION=@OLD_COLLATION_CONNECTION */;
